{
    "id": "01e72889f09d479a9b67bc9e6e750721",
    "input_img": "01e72889f09d479a9b67bc9e6e750721.jpg",
    "results": {
        "Atelectasis": 0.2683630585670471,
        "Consolidation": 0.1597406268119812,
        "Infiltration": 0.13622669875621796,
        "Pneumothorax": 0.538892388343811,
        "Edema": 0.4130668044090271,
        "Emphysema": 0.5015082359313965,
        "Fibrosis": 0.3653217852115631,
        "Effusion": 0.13234959542751312,
        "Pneumonia": 0.19253750145435333,
        "Pleural_Thickening": 0.30200833082199097,
        "Cardiomegaly": 0.19335994124412537,
        "Nodule": 0.512700080871582,
        "Mass": 0.2863425612449646,
        "Hernia": 0.006367871537804604,
        "Lung Lesion": 0.266603946685791,
        "Fracture": 0.5163159370422363,
        "Lung Opacity": 0.25021055340766907,
        "Enlarged Cardiomediastinum": 0.26700568199157715
    }
}